rotations,solve_prop,solve_rotations
1,1.0,1.0
2,0.81,2.0
3,1.0,2.4
4,0.87,3.218390804597701
5,0.68,3.4411764705882355
6,0.56,3.642857142857143
7,0.49,3.8979591836734695
8,0.31,3.806451612903226
9,0.26,4.153846153846154
10,0.11,4.7272727272727275
11,0.12,5.833333333333333
12,0.08,5.75
13,0.03,3.0
14,0.05,7.2
15,0.05,3.4
16,0.03,5.333333333333333
17,0.01,3.0
18,0.0,0
19,0.02,7.0
20,0.0,0
