rotations,solve_prop,solve_rotations
1,1.0,1.0
2,0.82,2.0
3,1.0,2.46
4,0.88,3.1818181818181817
5,0.63,3.5714285714285716
6,0.48,3.75
7,0.39,3.6666666666666665
8,0.35,4.4
9,0.22,4.0
10,0.16,5.375
11,0.09,5.222222222222222
12,0.06,5.666666666666667
13,0.04,6.0
14,0.05,5.2
15,0.04,5.5
16,0.02,4.0
17,0.01,3.0
18,0.02,7.0
19,0.0,0
20,0.02,5.0
