rotations,solve_prop,solve_rotations
1,1.0,1.0
2,0.83,2.0
3,0.99,2.4545454545454546
4,0.74,3.108108108108108
5,0.76,3.1842105263157894
6,0.52,3.8461538461538463
7,0.44,3.8181818181818183
8,0.24,4.0
9,0.19,3.8421052631578947
10,0.15,3.8666666666666667
11,0.12,4.5
12,0.12,4.833333333333333
13,0.04,5.0
14,0.02,4.0
15,0.07,6.142857142857143
16,0.04,3.0
17,0.0,0
18,0.0,0
19,0.0,0
20,0.0,0
