rotations,solve_prop,solve_rotations
1,1.0,1.0
2,0.88,2.0
3,0.99,2.474747474747475
4,0.85,3.1294117647058823
5,0.67,2.970149253731343
6,0.59,3.4915254237288136
7,0.46,3.9130434782608696
8,0.36,4.833333333333333
9,0.2,4.4
10,0.16,4.125
11,0.12,4.666666666666667
12,0.08,4.0
13,0.07,3.857142857142857
14,0.03,5.333333333333333
15,0.01,5.0
16,0.03,4.666666666666667
17,0.01,3.0
18,0.03,4.666666666666667
19,0.0,0
20,0.01,4.0
